,NOC,Number of athletes
0,Norway,92
1,Spain,324
2,Italy,356
3,France,377
4,Chile,56
5,Sudan,5
6,Islamic Republic of Iran,66
7,Azerbaijan,41
8,Netherlands,274
9,Australia,470
10,United States of America,615
11,Qatar,14
12,Egypt,133
13,Belgium,125
14,Malaysia,29
15,Singapore,23
16,Maldives,4
17,Saudi Arabia,32
18,Germany,400
19,Uzbekistan,63
20,Indonesia,26
21,Kazakhstan,92
22,Bahrain,31
23,Japan,586
24,Ethiopia,42
25,Canada,368
26,Malta,6
27,Sri Lanka,9
28,Morocco,48
29,Austria,72
30,Mauritania,2
31,ROC,318
32,Libya,4
33,Nauru,2
34,Switzerland,115
35,South Africa,171
36,Guyana,7
37,Georgia,35
38,Portugal,85
39,Jordan,11
40,Palestine,4
41,India,117
42,Cyprus,14
43,Nigeria,59
44,Tunisia,57
45,Mexico,155
46,Colombia,64
47,El Salvador,5
48,Romania,99
49,Poland,195
50,Federated States of Micronesia,3
51,Brazil,291
52,Turkey,102
53,Sweden,129
54,Great Britain,366
55,Hungary,155
56,Lithuania,37
57,Puerto Rico,35
58,Angola,20
59,Congo,3
60,Monaco,6
61,Rwanda,5
62,Kenya,78
63,Armenia,16
64,Samoa,8
65,Brunei Darussalam,2
66,Bangladesh,6
67,Benin,7
68,CÃ´te d'Ivoire,29
69,Trinidad and Tobago,31
70,People's Republic of China,401
71,Senegal,9
72,Algeria,41
73,Tajikistan,8
74,Pakistan,10
75,Kyrgyzstan,16
76,Latvia,29
77,Oman,5
78,Kuwait,10
79,Iraq,4
80,Refugee Olympic Team,26
81,Yemen,3
82,Cuba,69
83,Argentina,180
84,Serbia,83
85,Ukraine,152
86,Niger,7
87,Djibouti,4
88,Somalia,2
89,Bulgaria,41
90,Bermuda,2
91,Ireland,116
92,Jamaica,60
93,Estonia,33
94,United Arab Emirates,4
95,Israel,85
96,Paraguay,8
97,Costa Rica,13
98,Dominican Republic,61
99,Honduras,25
100,Cape Verde,6
101,Greece,75
102,Venezuela,43
103,Uganda,24
104,Peru,33
105,Belarus,104
106,San Marino,4
107,Ghana,14
108,Ecuador,46
109,Botswana,13
110,Republic of Korea,223
111,New Zealand,202
112,Bahamas,16
113,Denmark,103
114,Philippines,18
115,Guam,5
116,Madagascar,6
117,Haiti,6
118,Czech Republic,117
119,Montenegro,35
120,Afghanistan,5
121,Uruguay,11
122,Panama,9
123,Finland,45
124,Cameroon,11
125,Syrian Arab Republic,6
126,Turkmenistan,8
127,"Hong Kong, China",40
128,Togo,4
129,Seychelles,5
130,Mongolia,43
131,Slovenia,51
132,Guinea,5
133,Slovakia,38
134,Fiji,28
135,Zambia,29
136,Nicaragua,8
137,Sierra Leone,4
138,Guatemala,22
139,Papua New Guinea,7
140,Gambia,3
141,Lebanon,6
142,Cook Islands,6
143,Barbados,7
144,Luxembourg,11
145,Republic of Moldova,19
146,Nepal,5
147,Croatia,57
148,Kiribati,3
149,North Macedonia,8
150,Malawi,5
151,Democratic Republic of the Congo,7
152,Lao People's Democratic Republic,4
153,Thailand,39
154,St Vincent and the Grenadines,2
155,Albania,8
156,Guinea-Bissau,4
157,Bolivia,5
158,Bosnia and Herzegovina,7
159,Chinese Taipei,67
160,Saint Lucia,5
161,Palau,3
162,Mauritius,7
163,Saint Kitts and Nevis,2
164,Cayman Islands,5
165,American Samoa,5
166,Belize,3
167,Vanuatu,2
168,"Virgin Islands, US",4
169,Sao Tome and Principe,3
170,Democratic Republic of Timor-Leste,3
171,Eritrea,13
172,Mali,4
173,Burkina Faso,7
174,Tonga,5
175,Namibia,11
176,Vietnam,17
177,Eswatini,4
178,Andorra,2
179,Aruba,3
180,Comoros,3
181,Equatorial Guinea,3
182,Liberia,3
183,Grenada,6
184,Solomon Islands,3
185,Marshall Islands,2
186,Burundi,6
187,United Republic of Tanzania,2
188,Gabon,5
189,Kosovo,10
190,Antigua and Barbuda,6
191,Mozambique,8
192,Iceland,4
193,South Sudan,2
194,Liechtenstein,5
195,Cambodia,3
196,Chad,3
197,Bhutan,3
198,Zimbabwe,5
199,Lesotho,2
200,Dominica,2
201,Tuvalu,2
202,"Virgin Islands, British",3
203,Central African Republic,2
204,Myanmar,2
205,Suriname,3
